"country","total_cases","new_cases","total_deaths","new_deaths","total_recovered","active_cases","serious_critical","tot_cases_1m_pop","deaths_1m_pop","total_tests","tests_1m_pop","population","continent","fatality_rate","population_2020","yearly_change","net_change","density_km2","land_area_km2","migrants_net","fert_rate","med_age","urban_pop_percent","world_share"
"USA",1828806,11986,105927,370,539173,1183706,17163,5528,320,17505657,52913,330838184,"North America",0.0579,331002651,0.0059,1937734,36,9147420,954806,1.7764,38,0.828,0.042
"Brazil",501985,3545,28872,38,205371,267742,8318,2363,136,930013,4378,212430396,"South America",0.0575,212559417,0.0072,1509890,25,8358140,21200,1.74,33,0.876,0.027
"Russia",405843,9268,4693,138,171883,229267,2300,2781,32,10643124,72933,145929337,"Europe",0.0116,145934462,0.0004,62206,9,16376870,182456,1.8205,40,0.737,0.019
"Spain",286509,201,27127,2,196958,62424,617,6128,580,4063843,86921,46753295,"Europe",0.0947,46754778,0.0004,18002,94,498800,40000,1.33,45,0.803,0.006
"UK",274762,1936,38489,113,0,0,1559,4049,567,4285738,63159,67855909,"Europe",0.1401,67886011,0.0053,355839,281,241930,260650,1.75,40,0.832,0.009
"Italy",232997,333,33415,75,157507,42075,435,3853,553,3878739,64144,60469020,"Europe",0.1434,60461826,-0.0015,-88249,206,294140,148943,1.33,47,0.695,0.008
"India",190603,8776,5406,221,91830,93367,8944,138,4,3737027,2710,1378826256,"Asia",0.0284,1380004385,0.0099,13586631,464,2973190,-532687,2.2402,28,0.35,0.177
"France",188882,257,28802,31,68355,91725,1319,2894,441,1384633,21217,65261548,"Europe",0.1525,65273511,0.0022,143783,119,547557,36527,1.8523,42,0.815,0.008
"Germany",183452,158,8602,2,165200,9650,720,2190,103,3952971,47193,83761616,"Europe",0.0469,83783942,0.0032,266897,240,348560,543822,1.586,46,0.763,0.011
"Turkey",163942,839,4540,25,127973,31429,648,1946,54,2039194,24201,84259813,"Asia",0.0277,84339067,0.0109,909452,110,769630,283922,2.08,32,0.757,0.011
"Peru",155671,0,4371,0,66447,84853,960,4727,133,1012708,30752,32930962,"South America",0.0281,32971854,0.0142,461401,26,1280000,99069,2.27,31,0.791,0.004
"Iran",151466,2516,7797,63,118848,24821,2527,1805,93,935894,11155,83897889,"Asia",0.0515,83992949,0.013,1079043,52,1628550,-55000,2.15,32,0.755,0.011
"Chile",99688,4830,1054,57,42727,55907,1383,5219,55,582440,30491,19102061,"South America",0.0106,19116201,0.0087,164163,26,743532,111708,1.65,35,0.848,0.002
"Canada",90928,738,7294,221,48839,34795,1618,2411,193,1634277,43334,37713606,"North America",0.0802,37742154,0.0089,331107,4,9093510,242032,1.525,41,0.813,0.005
"Mexico",87512,2885,9779,364,61871,15862,378,679,76,270992,2104,128814639,"North America",0.1117,128932753,0.0106,1357224,66,1943950,-60000,2.14,29,0.838,0.017
"Saudi Arabia",85261,1877,503,23,62442,22316,384,2452,14,822769,23667,34765118,"Asia",0.0059,34813871,0.0159,545343,16,2149690,134979,2.34,32,0.84,0.004
"Pakistan",69496,3039,1483,88,25271,42742,111,315,7,547030,2481,220497647,"Asia",0.0213,220892340,0.02,4327022,287,770880,-233379,3.55,23,0.351,0.028
"Belgium",58381,195,9467,14,15887,33027,168,5039,817,866497,74792,11585389,"Europe",0.1622,11589623,0.0044,50295,383,30280,48000,1.7148,42,0.983,0.001
"Qatar",56910,1648,38,2,30290,26582,232,19783,13,222069,77197,2876643,"Asia",0.0007,2881053,0.0173,48986,248,11610,40000,1.8805,32,0.962,0
"Bangladesh",47153,2545,650,40,9781,36722,1,287,4,308940,1878,164546795,"Asia",0.0138,164689383,0.0101,1643222,1265,130170,-369501,2.052,28,0.394,0.021
"Netherlands",46442,185,5956,5,0,0,159,2711,348,349150,20380,17131732,"Europe",0.1282,17134872,0.0022,37742,508,33720,16000,1.66,43,0.925,0.002
"Belarus",42556,898,235,6,18514,23807,92,4503,25,541093,57261,9449576,"Europe",0.0055,9449323,-0.0003,-3088,47,202910,8730,1.7099,40,0.792,0.001
"Ecuador",38571,0,3334,0,19190,16047,220,2189,189,113808,6459,17619020,"South America",0.0864,17643054,0.0155,269392,71,248360,36400,2.44,28,0.63,0.002
"Sweden",37542,429,4395,0,4971,28176,228,3719,435,238800,23658,10093917,"Europe",0.1171,10099265,0.0063,62886,25,410340,40000,1.85,41,0.882,0.001
"Singapore",34884,518,23,0,21699,13162,8,5967,4,334691,57247,5846395,"Asia",0.0007,5850342,0.0079,46005,8358,700,27028,1.209,42,,0.001
"UAE",34557,661,264,2,17932,16361,1,3498,27,2110493,213615,9879882,"Asia",0.0076,9890402,0.0123,119873,118,83600,40000,1.42,33,0.864,0.001
"South Africa",32683,1716,683,40,16809,15191,128,552,12,725125,12240,59242648,"Africa",0.0209,59308690,0.0128,750420,49,1213090,145405,2.4139,28,0.667,0.008
"Portugal",32500,297,1410,14,19409,11681,64,3187,138,795838,78030,10199093,"Europe",0.0434,10196709,-0.0029,-29478,111,91590,-6000,1.288,46,0.665,0.001
"Switzerland",30862,17,1920,1,28400,542,28,3568,222,397691,45980,8649211,"Europe",0.0622,8654622,0.0074,63257,219,39516,52000,1.535,43,0.741,0.001
"Colombia",28236,0,890,0,7121,20225,136,555,18,319779,6290,50835558,"South America",0.0315,50882891,0.0108,543448,46,1109500,204796,1.82,31,0.804,0.007
"Kuwait",27043,851,212,7,11386,15445,200,6341,50,290013,68000,4264919,"Asia",0.0078,4270571,0.0151,63488,240,17820,39520,2.1,37,,0.001
"Indonesia",26473,700,1613,40,7308,17552,0,97,6,323376,1183,273271317,"Asia",0.0609,273523615,0.0107,2898047,151,1811570,-98955,2.3195,30,0.564,0.035
"Ireland",24990,61,1652,1,22089,1249,36,5066,335,325795,66045,4932957,"Europe",0.0661,4937786,0.0113,55291,72,68890,23604,1.8409,38,0.63,0.001
"Egypt",24985,1536,959,46,6810,17216,41,245,9,135000,1321,102157382,"Africa",0.0384,102334404,0.0194,1946331,103,995450,-38033,3.33,25,0.43,0.013
"Poland",23786,215,1064,3,11271,11451,160,628,28,915546,24189,37849973,"Europe",0.0447,37846611,-0.0011,-41157,124,306230,-29395,1.4202,42,0.602,0.005
"Ukraine",23672,468,708,12,9538,13426,278,541,16,356565,8149,43754416,"Europe",0.0299,43733762,-0.0059,-259876,75,579320,10000,1.4435,41,0.694,0.006
"Romania",19257,124,1266,7,13256,4735,160,1000,66,439197,22818,19247736,"Europe",0.0657,19237691,-0.0066,-126866,84,230170,-73999,1.6198,43,0.546,0.002
"Philippines",18086,862,957,7,3909,13220,73,165,9,347592,3176,109451714,"Asia",0.0529,109581078,0.0135,1464463,368,298170,-67152,2.58,26,0.475,0.014
"Dominican Republic",17285,377,502,4,10559,6224,110,1595,46,81647,7533,10838453,"North America",0.029,10847910,0.0101,108952,225,48320,-30000,2.36,28,0.845,0.001
"Israel",17071,59,285,1,14812,1974,39,1856,31,568452,61804,9197590,"Asia",0.0167,8655535,0.016,136158,400,21640,10000,3.044,30,0.932,0.001
"Japan",16804,0,886,0,14406,1512,123,133,7,287754,2275,126507477,"Asia",0.0527,126476461,-0.003,-383840,347,364555,71560,1.3697,48,0.918,0.016
"Austria",16731,46,668,0,15593,470,27,1859,74,448534,49826,9002048,"Europe",0.0399,9006398,0.0057,51296,109,82409,65000,1.5292,43,0.573,0.001
"Argentina",16214,0,530,2,5336,10348,259,359,12,160070,3545,45159906,"South America",0.0327,45195774,0.0093,415097,17,2736690,4800,2.268,32,0.928,0.006
"Afghanistan",15205,680,257,8,1328,13620,19,391,7,38460,990,38846163,"Asia",0.0169,38928346,0.0233,886592,60,652860,-62920,4.5552,18,0.254,0.005
"Panama",13018,0,330,0,9414,3274,78,3021,77,66192,15363,4308653,"North America",0.0253,4314767,0.0161,68328,58,74340,11200,2.4688,30,0.68,0.001
"Denmark",11669,36,574,3,10362,733,20,2015,99,628965,108620,5790499,"Europe",0.0492,5792202,0.0035,20326,137,42430,15200,1.7621,42,0.882,0.001
"S. Korea",11468,27,270,1,10405,793,15,224,5,910822,17767,51265561,"Asia",0.0235,51269185,0.0009,43877,527,97230,11731,1.11,44,0.818,0.007
"Oman",11437,1014,47,5,2396,8994,31,2245,9,72000,14134,5094240,"Asia",0.0041,5106626,0.0265,131640,16,309500,87400,2.93,31,0.87,0.001
"Serbia",11412,31,243,1,6698,4471,10,1306,28,245985,28144,8740173,"Europe",0.0213,8737371,-0.004,-34864,100,87460,4000,1.4612,42,0.562,0.001
"Bahrain",11288,495,19,2,6673,4596,12,6657,11,314823,185669,1695617,"Asia",0.0017,1701575,0.0368,60403,2239,760,47800,1.9982,32,0.893,0
"Kazakhstan",10858,476,40,2,5404,5414,62,579,2,812881,43338,18756949,"Asia",0.0037,18776707,0.0121,225280,7,2699700,-18000,2.7638,31,0.577,0.002
"Nigeria",9855,0,273,0,2856,6726,7,48,1,60825,296,205654182,"Africa",0.0277,206139589,0.0258,5175990,226,910770,-60000,5.4168,18,0.52,0.026
"Bolivia",9592,861,310,10,889,8393,3,823,27,28239,2422,11658870,"South America",0.0323,11673021,0.0139,159921,11,1083300,-9504,2.75,26,0.693,0.001
"Algeria",9394,127,653,7,5748,2993,23,215,15,0,0,43778769,"Africa",0.0695,43851044,0.0185,797990,18,2381740,-10000,3.05,29,0.729,0.006
"Armenia",9282,355,131,4,3386,5765,10,3133,44,58065,19598,2962785,"Asia",0.0141,2963243,0.0019,5512,104,28470,-4998,1.7559,35,0.628,0
"Czechia",9257,27,320,1,6551,2386,15,865,30,439744,41069,10707339,"Europe",0.0346,10708981,0.0018,19772,139,77240,22011,1.6413,43,0.735,0.001
"Norway",8440,3,236,0,7727,477,8,1558,44,245352,45288,5417605,"Europe",0.028,5421241,0.0079,42384,15,365268,28000,1.68,40,0.834,0.001
"Moldova",8251,153,295,4,4581,3375,251,2045,73,40565,10054,4034718,"Europe",0.0358,4033963,-0.0023,-9300,123,32850,-1387,1.2552,38,0.427,0.001
"Ghana",7881,113,36,1,2841,5004,5,254,1,214956,6931,31012732,"Africa",0.0046,31072940,0.0215,655084,137,227540,-10000,3.8928,22,0.567,0.004
"Malaysia",7819,57,115,0,6353,1351,9,242,4,553183,17111,32329329,"Asia",0.0147,32365999,0.013,416222,99,328550,50000,2.0105,30,0.784,0.004
"Morocco",7807,27,205,1,5459,2143,18,212,6,209139,5672,36872098,"Africa",0.0263,36910560,0.012,438791,83,446300,-51419,2.42,30,0.638,0.005
"Australia",7195,10,103,0,6614,478,4,282,4,1454568,57100,25473913,"Australia/Oceania",0.0143,25499884,0.0118,296686,3,7682300,158246,1.8316,38,0.859,0.003
"Finland",6859,33,320,4,5500,1039,10,1238,58,184408,33287,5540010,"Europe",0.0467,5540720,0.0015,8564,18,303890,14000,1.53,43,0.861,0.001
"Iraq",6439,260,205,10,3156,3078,36,160,5,211485,5269,40137925,"Asia",0.0318,40222493,0.0232,912710,93,434320,7834,3.682,21,0.731,0.005
"Cameroon",5904,0,191,0,3568,2145,28,223,7,0,0,26483044,"Africa",0.0324,26545863,0.0259,669483,56,472710,-4800,4.603,19,0.563,0.003
"Azerbaijan",5494,248,63,2,3428,2003,42,542,6,294264,29045,10131281,"Asia",0.0115,10139177,0.0091,91459,123,82658,1200,2.0835,32,0.562,0.001
"Honduras",5094,208,201,2,536,4357,13,515,20,14790,1495,9890414,"North America",0.0395,9904607,0.0163,158490,89,111890,-6800,2.4872,24,0.573,0.001
"Sudan",5026,226,286,24,1423,3317,0,115,7,401,9,43752816,"Africa",0.0569,43849260,0.0242,1036022,25,1765048,-50000,4.4345,20,0.35,0.006
"Guatemala",4739,132,102,12,706,3931,5,265,6,31427,1757,17885239,"North America",0.0215,17915568,0.019,334096,167,107160,-9215,2.8989,23,0.518,0.002
"Luxembourg",4018,2,110,0,3833,75,3,6428,176,75432,120680,625058,"Europe",0.0274,625978,0.0166,10249,242,2590,9741,1.45,40,0.882,0
"Tajikistan",3930,123,47,0,2004,1879,0,413,5,0,0,9517571,"Asia",0.012,9537645,0.0232,216627,68,139960,-20000,3.6075,22,0.273,0.001
"Hungary",3876,9,526,2,2147,1203,25,401,54,185980,19248,9662323,"Europe",0.1357,9660351,-0.0025,-24328,107,90530,6000,1.4911,43,0.717,0.001
"Guinea",3706,0,23,0,2030,1653,24,283,2,14407,1100,13098481,"Africa",0.0062,13132795,0.0283,361549,53,245720,-4000,4.7384,18,0.386,0.002
"Senegal",3645,110,42,0,1801,1802,14,218,3,42105,2521,16701616,"Africa",0.0115,16743927,0.0275,447563,87,192530,-20000,4.65,19,0.494,0.002
"Uzbekistan",3623,77,15,1,2837,771,10,108,4,460000,13762,33425870,"Asia",0.0041,33469203,0.0148,487487,79,425400,-8863,2.43,28,0.501,0.004
"Djibouti",3354,160,24,2,1504,1826,0,3399,24,26366,26721,986716,"Africa",0.0072,988000,0.0148,14440,43,23180,900,2.7577,27,0.79,0
"Thailand",3081,4,57,0,2963,61,1,44,8,375453,5380,69785445,"Asia",0.0185,69799978,0.0025,174396,137,510890,19444,1.5346,40,0.511,0.009
"DRC",3070,104,72,3,448,2550,0,34,8,0,0,89294020,"Africa",0.0235,89561403,0.0319,2770836,40,2267050,23861,5.9635,17,0.456,0.011
"Greece",2917,2,175,0,1374,1368,13,280,17,180518,17312,10427085,"Europe",0.06,10423054,-0.0048,-50401,81,128900,-16000,1.3024,46,0.849,0.001
"Gabon",2655,0,17,0,722,1916,15,1196,8,13833,6229,2220779,"Africa",0.0064,2225734,0.0245,53155,9,257670,3260,4,23,0.871,0
"El Salvador",2517,122,46,2,1040,1431,53,388,7,89358,13782,6483446,"North America",0.0183,6486205,0.0051,32652,313,20720,-40539,2.0529,28,0.734,0.001
"Bulgaria",2513,14,140,1,1074,1299,17,361,20,81348,11701,6952517,"Europe",0.0557,6948445,-0.0074,-51674,64,108560,-4800,1.5584,45,0.756,0.001
"Bosnia and Herzegovina",2510,16,153,0,1862,495,4,765,47,65220,19869,3282421,"Europe",0.061,3280819,-0.0061,-20181,64,51000,-21585,1.27,43,0.523,0
"Croatia",2246,0,103,0,2072,71,4,547,25,66405,16168,4107255,"Europe",0.0459,4105267,-0.0061,-25037,73,55960,-8001,1.4461,44,0.577,0.001
"North Macedonia",2226,62,133,2,1552,541,21,1068,64,29575,14196,2083381,"Europe",0.0597,2083374,0,-85,83,25220,-1000,1.5,39,0.586,0
"Cuba",2045,20,83,0,1809,153,3,181,7,103123,9104,11327179,"North America",0.0406,11326616,-0.0006,-6867,106,106440,-14400,1.6166,42,0.783,0.001
"Somalia",1976,60,78,5,348,1550,2,125,5,0,0,15850314,"Africa",0.0395,15893222,0.0292,450317,25,627340,-40000,6.12,17,0.468,0.002
"Kenya",1962,74,64,1,478,1420,7,37,1,78536,1464,53660593,"Africa",0.0326,53771296,0.0228,1197323,94,569140,-10000,3.52,20,0.278,0.007
"Estonia",1869,4,68,1,1624,177,0,1409,51,83440,62904,1326462,"Europe",0.0364,1326535,0.0007,887,31,42390,3911,1.5878,42,0.679,0
"Haiti",1865,281,41,6,24,1800,0,164,4,4577,402,11390283,"North America",0.022,11402528,0.0124,139451,414,27560,-35000,2.96,24,0.569,0.001
"Iceland",1806,0,10,0,1794,2,0,5295,29,61025,178930,341055,"Europe",0.0055,341243,0.0065,2212,3,100250,380,1.77,37,0.944,0
"Maldives",1773,101,5,0,453,1315,9,3285,9,11775,21819,539677,"Asia",0.0028,540544,0.0181,9591,1802,300,11370,1.88,30,0.345,0
"Kyrgyzstan",1748,26,16,0,1170,562,4,268,2,111859,17171,6514462,"Asia",0.0092,6524195,0.0169,108345,34,191800,-4000,3,26,0.356,0.001
"Mayotte",1699,0,21,0,1385,293,9,6242,77,5200,19104,272192,"Africa",0.0124,272815,0.025,6665,728,375,0,3.7289,20,0.458,0
"Lithuania",1675,5,70,0,1236,369,17,615,26,302859,111136,2725125,"Europe",0.0418,2722289,-0.0135,-37338,43,62674,-32780,1.6698,45,0.713,0
"Sri Lanka",1633,20,10,0,801,822,1,76,5,63935,2987,21405720,"Asia",0.0061,21413249,0.0042,89516,341,62710,-97986,2.2102,34,0.184,0.003
"Nepal",1572,171,8,2,220,1344,0,54,3,180691,6212,29088995,"Asia",0.0051,29136808,0.0185,528098,203,143350,41710,1.934,25,0.214,0.004
"Slovakia",1521,0,28,0,1366,127,0,279,5,172601,31615,5459425,"Europe",0.0184,5459642,0.0005,2629,114,48088,1485,1.502,41,0.537,0.001
"New Zealand",1504,0,22,0,1481,1,0,301,4,280983,56173,5002100,"Australia/Oceania",0.0146,4822233,0.0082,39170,18,263310,14881,1.9,38,0.869,0.001
"Slovenia",1473,0,108,0,1358,7,2,709,52,79897,38432,2078915,"Europe",0.0733,2078938,0.0001,284,103,20140,2000,1.6,45,0.552,0
"Venezuela",1459,0,14,0,302,1143,3,51,5,970394,34118,28442404,"South America",0.0096,28435940,-0.0028,-79889,32,882050,-653249,2.283,30,,0.004
"Equatorial Guinea",1306,0,12,0,200,1094,0,934,9,8268,5913,1398393,"Africa",0.0092,1402985,0.0347,46999,50,28050,16000,4.5543,22,0.733,0
"Mali",1265,15,77,1,716,472,0,63,4,3483,172,20194089,"Africa",0.0609,20250833,0.0302,592802,17,1220190,-40000,5.9215,16,0.44,0.003
"Guinea-Bissau",1256,0,8,0,42,1206,0,640,4,1500,764,1963612,"Africa",0.0064,1968001,0.0245,47079,70,28120,-1399,4.51,19,0.449,0
"Lebanon",1220,29,27,1,712,481,3,179,4,83574,12240,6827871,"Asia",0.0221,6825445,-0.0044,-30268,667,10230,-30012,2.09,30,0.784,0.001
"Ethiopia",1172,109,11,3,209,952,4,10,10,109451,954,114693065,"Africa",0.0094,114963588,0.0257,2884858,115,1000000,30000,4.3,19,0.213,0.015
"Albania",1137,15,33,0,872,232,4,395,11,14723,5116,2878052,"Europe",0.029,2877797,-0.0011,-3120,105,27400,-14000,1.62,36,0.635,0
"Hong Kong",1085,2,4,0,1037,44,2,145,5,202930,27087,7491755,"Asia",0.0037,7496981,0.0082,60827,7140,1050,29308,1.3262,45,,0.001
"Tunisia",1077,1,48,0,960,69,2,91,4,51881,4394,11807839,"Africa",0.0446,11818619,0.0106,123900,76,155360,-4000,2.2,33,0.701,0.002
"Latvia",1066,1,24,0,745,297,3,565,13,109071,57777,1887785,"Europe",0.0225,1886198,-0.0108,-20545,30,62200,-14837,1.7167,44,0.686,0
"Zambia",1057,0,7,0,779,271,1,58,4,24275,1324,18334102,"Africa",0.0066,18383955,0.0293,522925,25,743390,-8000,4.6555,18,0.453,0.002
"Costa Rica",1056,9,10,0,669,377,4,207,2,26622,5230,5090096,"North America",0.0095,5094118,0.0092,46557,100,51060,4200,1.7639,33,0.8,0.001
"CAR",1011,49,2,1,23,986,0,210,4,15021,3115,4822133,"Africa",0.002,4829767,0.0178,84582,8,622980,-40000,4.7541,18,0.43,0.001
"South Sudan",994,0,10,0,6,978,0,89,9,3356,300,11182197,"Africa",0.0101,11193725,0.0119,131612,18,610952,-174200,4.7359,19,0.246,0.001
"Paraguay",986,22,11,0,477,498,2,138,2,30004,4211,7124815,"South America",0.0112,7132538,0.0125,87902,18,397300,-16556,2.4455,26,0.616,0.001
"Niger",956,0,64,0,818,74,0,40,3,6033,250,24117639,"Africa",0.0669,24206644,0.0384,895929,19,1266700,4000,6.95,15,0.165,0.003
"Cyprus",944,1,17,0,790,137,4,782,14,117411,97307,1206608,"Asia",0.018,1207359,0.0073,8784,131,9240,5000,1.3375,37,0.668,0
"Sierra Leone",861,9,46,0,454,361,0,108,6,0,0,7961973,"Africa",0.0534,7976983,0.021,163768,111,72180,-4200,4.319,19,0.433,0.001
"Burkina Faso",847,0,53,0,720,74,0,41,3,0,0,20847963,"Africa",0.0626,20903273,0.0286,581895,76,273600,-25000,5.2315,18,0.306,0.003
"Uruguay",821,0,22,0,682,117,5,236,6,43479,12520,3472725,"South America",0.0268,3473730,0.0035,11996,20,175020,-3000,1.98,36,0.961,0
"Georgia",783,26,12,0,605,166,6,196,3,56987,14283,3989785,"Asia",0.0153,3989167,-0.0019,-7598,57,69490,-10000,2.0615,38,0.581,0.001
"Chad",778,19,65,0,491,222,0,47,4,0,0,16380040,"Africa",0.0835,16425864,0.03,478988,13,1259200,2000,5.7973,17,0.233,0.002
"Madagascar",771,13,6,0,168,597,8,28,2,10249,371,27623015,"Africa",0.0078,27691018,0.0268,721711,48,581795,-1500,4.1085,20,0.385,0.004
"Andorra",764,0,51,0,692,21,4,9889,660,3750,48541,77255,"Europe",0.0668,77265,0.0016,123,164,470,,,,0.878,0
"Nicaragua",759,0,35,0,370,354,0,115,5,0,0,6617623,"North America",0.0461,6624554,0.0121,79052,55,120340,-21272,2.42,26,0.572,0.001
"Jordan",739,5,9,0,522,208,5,72,9,187990,18441,10194333,"Asia",0.0122,10203134,0.01,101440,115,88780,10220,2.7723,24,0.915,0.001
"San Marino",671,0,42,0,357,272,1,19779,1238,4466,131643,33925,"Europe",0.0626,33931,0.0021,71,566,60,,,,0.971,0
"Malta",618,0,9,0,534,75,1,1400,20,69025,156361,441445,"Europe",0.0146,441543,0.0027,1171,1380,320,900,1.45,43,0.932,0
"Congo",611,40,20,1,179,412,0,111,4,0,0,5505196,"Africa",0.0327,5518087,0.0256,137579,16,341500,-4000,4.45,19,0.699,0.001
"Jamaica",581,6,9,0,290,282,2,196,3,12389,4185,2960082,"North America",0.0155,2961167,0.0044,12888,273,10830,-11332,1.991,31,0.554,0
"Channel Islands",560,0,45,0,528,13,0,3224,259,10255,59030,173724,"Europe",0.0804,173863,0.0093,1604,915,190,1351,1.502,43,0.298,0
"Mauritania",530,47,23,3,27,480,0,114,5,7654,1650,4637943,"Africa",0.0434,4649658,0.0274,123962,5,1030700,5000,4.585,20,0.569,0.001
"Tanzania",509,0,21,0,183,305,7,9,4,0,0,59569007,"Africa",0.0413,59734218,0.0298,1728755,67,885800,-40076,4.9237,18,0.37,0.008
"Sao Tome and Principe",483,4,12,0,68,403,0,2208,55,175,800,218786,"Africa",0.0248,219159,0.0191,4103,228,960,-1680,4.35,19,0.74,0
"French Guiana",477,0,1,0,185,291,2,1601,3,0,0,297942,"South America",0.0021,298682,0.027,7850,4,82200,1200,3.36,25,0.873,0
"Réunion",471,0,1,0,411,59,1,526,1,17200,19223,894766,"Africa",0.0021,895312,0.0072,6385,358,2500,-1256,2.2735,36,0.998,0
"Palestine",448,1,3,0,368,77,0,88,6,44876,8816,5090250,"Asia",0.0067,5101414,0.0241,119994,847,6020,-10563,3.6677,21,0.8,0.001
"Taiwan",442,0,7,0,423,12,0,19,3,72082,3027,23813214,"Asia",0.0158,23816775,0.0018,42899,673,35410,30001,1.15,42,0.789,0.003
"Cabo Verde",435,14,4,0,193,238,0,783,7,1307,2353,555459,"Africa",0.0092,555987,0.011,6052,138,4030,-1342,2.2885,28,0.68,0
"Togo",433,0,13,0,206,214,0,52,2,19705,2385,8260436,"Africa",0.03,8278724,0.0243,196358,152,54390,-2000,4.3515,19,0.433,0.001
"Uganda",417,4,0,0,72,345,0,9,0,96825,2123,45598170,"Africa",0,45741007,0.0332,1471413,229,199810,168694,5.01,17,0.257,0.006
"Rwanda",359,0,1,0,250,108,0,28,8,66976,5183,12921714,"Africa",0.0028,12952218,0.0258,325268,525,24670,-9000,4.1,20,0.176,0.002
"Isle of Man",336,0,24,0,309,3,0,3953,282,4892,57556,84995,"Europe",0.0714,85033,0.0053,449,149,570,,,,0.534,0
"Mauritius",335,0,10,0,322,3,0,263,8,116937,91961,1271594,"Africa",0.0299,1271768,0.0017,2100,626,2030,0,1.3885,37,0.408,0
"Vietnam",328,0,0,0,279,49,1,3,0,275000,2827,97262917,"Asia",0,97338579,0.0091,876473,314,310070,-80000,2.0556,32,0.377,0.012
"Montenegro",324,0,9,0,315,0,0,516,14,10167,16188,628060,"Europe",0.0278,628066,0.0001,79,47,13450,-480,1.7506,39,0.676,0
"Yemen",323,13,80,3,14,229,0,11,3,120,4,29764568,"Asia",0.2477,29825964,0.0228,664042,56,527970,-30000,3.8372,20,0.384,0.004
"Liberia",288,8,27,0,157,104,0,57,5,0,0,5046473,"Africa",0.0938,5057681,0.0244,120307,53,96320,-5000,4.35,19,0.526,0.001
"Eswatini",285,2,2,0,189,94,0,246,2,4994,4308,1159118,"Africa",0.007,1160164,0.0105,12034,67,17200,-8353,3.0257,21,0.3,0
"Malawi",279,0,4,0,42,233,1,15,2,3372,177,19082694,"Africa",0.0143,19129952,0.0269,501205,203,94280,-16053,4.25,18,0.185,0.002
"Mozambique",254,10,2,0,91,161,0,8,6,10878,349,31170640,"Africa",0.0079,31255435,0.0293,889399,40,786380,-5000,4.8858,18,0.383,0.004
"Benin",232,8,3,0,143,86,0,19,2,30817,2548,12092780,"Africa",0.0129,12123200,0.0273,322049,108,112760,-2000,4.8675,19,0.484,0.002
"Myanmar",224,0,6,0,138,80,0,4,1,24710,454,54378732,"Asia",0.0268,54409800,0.0067,364380,83,653290,-163313,2.17,29,0.314,0.007
"Martinique",200,0,14,0,98,88,0,533,37,0,0,375289,"North America",0.07,375265,-0.0008,-289,354,1060,-960,1.88,47,0.916,0
"Faeroe Islands",187,0,0,0,187,0,0,3828,0,9677,198108,48847,"Europe",0,48863,0.0038,185,35,1396,,,,0.433,0
"Mongolia",179,0,0,0,44,135,19,55,0,13672,4177,3273528,"Asia",0,3278290,0.0165,53123,2,1553560,-852,2.9023,28,0.672,0
"Zimbabwe",174,0,4,0,29,141,0,12,3,46613,3140,14843588,"Africa",0.023,14862924,0.0148,217456,38,386850,-116858,3.6255,19,0.384,0.002
"Gibraltar",170,1,0,0,149,21,0,5046,0,7632,226523,33692,"Europe",0,33691,-0.0003,-10,3369,10,,,,,0
"Guadeloupe",162,0,14,0,138,10,1,405,35,4137,10339,400118,"North America",0.0864,400124,0.0002,68,237,1690,-1440,2.17,44,,0
"Guyana",152,0,12,0,67,73,2,193,15,1604,2040,786232,"South America",0.0789,786552,0.0048,3786,4,196850,-6000,2.4728,27,0.269,0
"Brunei",141,0,2,0,138,1,1,323,5,19386,44350,437116,"Asia",0.0142,437479,0.0097,4194,83,5270,0,1.8482,32,0.795,0
"Cayman Islands",141,0,1,0,68,72,0,2148,15,11139,169662,65654,"North America",0.0071,65722,0.0119,774,274,240,,,,0.972,0
"Bermuda",140,0,9,0,92,39,2,2247,144,7171,115112,62296,"North America",0.0643,62278,-0.0036,-228,1246,50,,,,0.974,0
"Libya",130,0,5,0,50,75,0,19,7,5591,815,6862990,"Africa",0.0385,6871292,0.0138,93840,4,1759540,-1999,2.25,29,0.782,0.001
"Cambodia",125,0,0,0,123,2,1,7,0,20406,1222,16698376,"Asia",0,16718965,0.0141,232423,95,176520,-30000,2.5238,26,0.242,0.002
"Syria",122,0,4,0,46,72,0,7,2,0,0,17460385,"Asia",0.0328,17500658,0.0252,430523,95,183630,-427391,2.8398,26,0.6,0.002
"Trinidad and Tobago",117,1,8,0,108,1,0,84,6,3138,2243,1399110,"North America",0.0684,1399488,0.0032,4515,273,5130,-800,1.7299,36,0.524,0
"Comoros",106,0,2,0,26,78,0,122,2,0,0,867877,"Africa",0.0189,869601,0.022,18715,467,1861,-2000,4.2365,20,0.294,0
"Bahamas",102,0,11,0,48,43,1,260,28,2091,5322,392918,"North America",0.1078,393244,0.0097,3762,39,10010,1000,1.76,32,0.861,0
"Aruba",101,0,3,0,98,0,0,946,28,2134,19995,106728,"North America",0.0297,106766,0.0043,452,593,180,201,1.9,41,0.436,0
"Monaco",99,0,4,0,90,5,1,2524,102,0,0,39218,"Europe",0.0404,39242,0.0071,278,26337,1,,,,,0
"Barbados",92,0,7,0,76,9,1,320,24,5434,18911,287346,"North America",0.0761,287375,0.0012,350,668,430,-79,1.62,40,0.312,0
"Angola",84,0,4,0,18,62,1,3,1,10000,305,32765461,"Africa",0.0476,32866272,0.0327,1040977,26,1246700,6413,5.55,17,0.667,0.004
"Liechtenstein",82,0,1,0,55,26,0,2151,26,900,23610,38119,"Europe",0.0122,38128,0.0029,109,238,160,,,,0.146,0
"Sint Maarten",77,0,15,0,60,2,1,1798,350,461,10763,42833,"North America",0.1948,42876,0.0115,488,1261,34,,,,0.965,0
"Burundi",63,0,1,0,33,29,0,5,8,284,24,11856133,"Africa",0.0159,11890784,0.0312,360204,463,25680,2001,5.45,17,0.138,0.002
"French Polynesia",60,0,0,0,60,0,0,214,0,4040,14389,280770,"Australia/Oceania",0,280908,0.0058,1621,77,3660,-1000,1.95,34,0.641,0
"Macao",45,0,0,0,45,0,0,69,0,0,0,648548,"Asia",0,649335,0.0139,8890,21645,30,5000,1.2,39,,0
"Bhutan",43,10,0,0,6,37,0,56,0,17038,22102,770865,"Asia",0,771608,0.0112,8516,20,38117,320,2,28,0.458,0
"Saint Martin",41,0,3,0,33,5,1,1062,78,614,15904,38606,"North America",0.0732,38666,0.0175,664,730,53,,,,0,0
"Eritrea",39,0,0,0,39,0,0,11,0,0,0,3542053,"Africa",0,3546421,0.0141,49304,35,101000,-39858,4.1,19,0.633,0
"Botswana",35,0,1,0,20,14,0,15,4,20186,8600,2347237,"Africa",0.0286,2351627,0.0208,47930,4,566730,3000,2.8944,24,0.728,0
"St. Vincent Grenadines",26,0,0,0,15,11,0,234,0,593,5347,110911,"North America",0,110940,0.0032,351,284,390,-200,1.9019,33,0.529,0
"Antigua and Barbuda",25,0,3,0,19,3,1,255,31,183,1870,97859,"North America",0.12,97929,0.0084,811,223,440,0,2,34,0.262,0
"Gambia",25,0,1,0,20,4,0,10,4,1756,729,2410091,"Africa",0.04,2416668,0.0294,68962,239,10120,-3087,5.25,18,0.594,0
"Namibia",24,1,0,0,14,10,0,9,0,3680,1451,2536704,"Africa",0,2540905,0.0186,46375,3,823290,-4806,3.4153,22,0.552,0
"Timor-Leste",24,0,0,0,24,0,0,18,0,1290,980,1316139,"Asia",0,1318445,0.0196,25326,89,14870,-5385,4.1,21,0.328,0
"Grenada",23,0,0,0,18,5,4,204,0,3007,26734,112479,"North America",0,112523,0.0046,520,331,340,-200,2.0732,32,0.355,0
"Curaçao",19,0,1,0,14,4,0,116,6,572,3487,164037,"North America",0.0526,164093,0.0041,669,370,444,515,1.76,42,0.887,0
"Laos",19,0,0,0,16,3,0,3,0,6928,953,7266127,"Asia",0,7275560,0.0148,106105,32,230800,-14704,2.7,24,0.357,0.001
"New Caledonia",19,0,0,0,18,1,0,67,0,6416,22492,285260,"Australia/Oceania",0,285498,0.0097,2748,16,18280,502,1.97,34,0.719,0
"Belize",18,0,2,0,16,0,0,45,5,1572,3960,396969,"North America",0.1111,397628,0.0186,7275,17,22810,1200,2.32,25,0.461,0
"Fiji",18,0,0,0,15,3,0,20,0,2431,2714,895890,"Australia/Oceania",0,896445,0.0073,6492,49,18270,-6202,2.7874,28,0.591,0
"Saint Lucia",18,0,0,0,18,0,0,98,0,1012,5513,183556,"North America",0,183627,0.0046,837,301,610,0,1.4442,34,0.186,0
"Dominica",16,0,0,0,16,0,0,222,0,433,6016,71971,"North America",0,71986,0.0025,178,96,750,,,,0.741,0
"Suriname",15,3,1,0,9,5,0,26,2,782,1334,586178,"South America",0.0667,586632,0.009,5260,4,156000,-1000,2.4298,29,0.651,0
"Falkland Islands",13,0,0,0,13,0,0,3746,0,503,144957,3470,"South America",0,3480,0.0305,103,0,12170,,,,0.66,0
"Greenland",13,0,0,0,11,2,0,229,0,2141,37719,56762,"North America",0,56770,0.0017,98,0,410450,,,,0.873,0
"Turks and Caicos",12,0,1,0,11,0,0,310,26,129,3336,38670,"North America",0.0833,38717,0.0138,526,41,950,,,,0.893,0
"Montserrat",11,0,1,0,10,0,0,2204,200,61,12220,4992,"North America",0.0909,4992,0.0006,3,50,100,,,,0.096,0
"Seychelles",11,0,0,0,11,0,0,112,0,0,0,98295,"Africa",0,98347,0.0062,608,214,460,-200,2.46,34,0.562,0
"Western Sahara",9,0,1,0,6,2,0,15,2,0,0,595945,"Africa",0.1111,597339,0.0255,14876,2,266000,5582,2.4149,28,0.868,0
"British Virgin Islands",8,0,1,0,7,0,0,265,33,167,5527,30214,"North America",0.125,30231,0.0067,201,202,150,,,,0.524,0
"Papua New Guinea",8,0,0,0,8,0,0,9,0,2402,269,8931472,"Australia/Oceania",0,8947024,0.0195,170915,20,452860,-800,3.5883,22,0.131,0.001
"Caribbean Netherlands",6,0,0,0,6,0,0,229,0,424,16182,26202,"North America",0,26223,0.0094,244,80,328,,,,0.75,0
"St. Barth",6,0,0,0,6,0,0,608,0,137,13875,9874,"North America",0,9877,0.003,30,470,21,,,,0,0
"Anguilla",3,0,0,0,3,0,0,200,0,41,2735,14991,"North America",0,15003,0.009,134,167,90,,,,,0
"Lesotho",2,0,0,0,1,1,0,9,0,283,132,2140792,"Africa",0,2142249,0.008,16981,71,30360,-10047,3.1641,24,0.315,0
"China",83001,2,4634,0,78304,63,3,58,3,0,0,1439323776,"Asia",0.0558,1439323776,0.0039,5540090,153,9388211,-348399,1.69,38,0.608,0.185
